"rules","support","confidence","coverage","lift","count"
"{live} => {one}",0.0114472608340147,0.4375,0.0261651676206051,2.78678385416667,14
"{one} => {live}",0.0114472608340147,0.0729166666666667,0.15699100572363,2.78678385416667,14
"{rose} => {like}",0.0114472608340147,0.311111111111111,0.0367947669664759,1.94126984126984,14
"{like} => {rose}",0.0114472608340147,0.0714285714285714,0.160261651676206,1.94126984126984,14
"{rose} => {upon}",0.0114472608340147,0.311111111111111,0.0367947669664759,1.91200446677834,14
"{upon} => {rose}",0.0114472608340147,0.0703517587939698,0.162714636140638,1.91200446677834,14
"{low} => {like}",0.0106295993458708,0.382352941176471,0.0278004905968929,2.38580432172869,13
"{like} => {low}",0.0106295993458708,0.0663265306122449,0.160261651676206,2.38580432172869,13
"{today} => {one}",0.0130825838103025,0.390243902439024,0.0335241210139002,2.48577235772358,16
"{one} => {today}",0.0130825838103025,0.0833333333333333,0.15699100572363,2.48577235772358,16
"{purple} => {upon}",0.0114472608340147,0.325581395348837,0.0351594439901881,2.00093490709361,14
"{upon} => {purple}",0.0114472608340147,0.0703517587939698,0.162714636140638,2.00093490709361,14
"{behind} => {one}",0.0106295993458708,0.317073170731707,0.0335241210139002,2.01969004065041,13
"{one} => {behind}",0.0106295993458708,0.0677083333333333,0.15699100572363,2.01969004065041,13
"{name} => {one}",0.0106295993458708,0.30952380952381,0.0343417825020442,1.97160218253968,13
"{one} => {name}",0.0106295993458708,0.0677083333333333,0.15699100572363,1.97160218253968,13
"{two} => {one}",0.0171708912510221,0.5,0.0343417825020442,3.18489583333333,21
"{one} => {two}",0.0171708912510221,0.109375,0.15699100572363,3.18489583333333,21
"{fingers} => {like}",0.0106295993458708,0.325,0.0327064595257563,2.02793367346939,13
"{like} => {fingers}",0.0106295993458708,0.0663265306122449,0.160261651676206,2.02793367346939,13
"{thought} => {one}",0.0122649223221586,0.326086956521739,0.0376124284546198,2.07710597826087,15
"{one} => {thought}",0.0122649223221586,0.078125,0.15699100572363,2.07710597826087,15
"{heart} => {little}",0.0130825838103025,0.275862068965517,0.0474243663123467,2.4447776111944,16
"{little} => {heart}",0.0130825838103025,0.115942028985507,0.112837285363859,2.4447776111944,16
"{grace} => {one}",0.0106295993458708,0.317073170731707,0.0335241210139002,2.01969004065041,13
"{one} => {grace}",0.0106295993458708,0.0677083333333333,0.15699100572363,2.01969004065041,13
"{snow} => {go}",0.0106295993458708,0.282608695652174,0.0376124284546198,3.26066447908121,13
"{go} => {snow}",0.0106295993458708,0.122641509433962,0.0866721177432543,3.26066447908121,13
"{snow} => {like}",0.0122649223221586,0.326086956521739,0.0376124284546198,2.03471606033718,15
"{like} => {snow}",0.0122649223221586,0.076530612244898,0.160261651676206,2.03471606033718,15
"{might} => {life}",0.0106295993458708,0.302325581395349,0.0351594439901881,3.624943000456,13
"{life} => {might}",0.0106295993458708,0.127450980392157,0.0834014717906787,3.624943000456,13
"{might} => {know}",0.0114472608340147,0.325581395348837,0.0351594439901881,2.74611066559743,14
"{know} => {might}",0.0114472608340147,0.096551724137931,0.118560915780867,2.74611066559743,14
"{might} => {upon}",0.0106295993458708,0.302325581395349,0.0351594439901881,1.85801098515835,13
"{upon} => {might}",0.0106295993458708,0.0653266331658292,0.162714636140638,1.85801098515835,13
"{place} => {face}",0.0122649223221586,0.283018867924528,0.0433360588716271,3.56837191207936,15
"{face} => {place}",0.0122649223221586,0.154639175257732,0.0793131643499591,3.56837191207936,15
"{place} => {day}",0.0106295993458708,0.245283018867925,0.0433360588716271,1.91070784761447,13
"{day} => {place}",0.0106295993458708,0.0828025477707006,0.128372853638594,1.91070784761447,13
"{place} => {upon}",0.0163532297628782,0.377358490566038,0.0433360588716271,2.31914288423248,20
"{upon} => {place}",0.0163532297628782,0.100502512562814,0.162714636140638,2.31914288423248,20
"{sweet} => {little}",0.0106295993458708,0.254901960784314,0.0417007358953393,2.25902244955953,13
"{little} => {sweet}",0.0106295993458708,0.0942028985507246,0.112837285363859,2.25902244955953,13
"{air} => {upon}",0.0106295993458708,0.288888888888889,0.0367947669664759,1.77543271915131,13
"{upon} => {air}",0.0106295993458708,0.0653266331658292,0.162714636140638,1.77543271915131,13
"{wind} => {like}",0.0106295993458708,0.288888888888889,0.0367947669664759,1.80260770975057,13
"{like} => {wind}",0.0106295993458708,0.0663265306122449,0.160261651676206,1.80260770975057,13
"{house} => {know}",0.0114472608340147,0.28,0.0408830744071954,2.36165517241379,14
"{know} => {house}",0.0114472608340147,0.096551724137931,0.118560915780867,2.36165517241379,14
"{house} => {away}",0.0106295993458708,0.26,0.0408830744071954,2.02535031847134,13
"{away} => {house}",0.0106295993458708,0.0828025477707006,0.128372853638594,2.02535031847134,13
"{house} => {one}",0.0106295993458708,0.26,0.0408830744071954,1.65614583333333,13
"{one} => {house}",0.0106295993458708,0.0677083333333333,0.15699100572363,1.65614583333333,13
"{done} => {sun}",0.0122649223221586,0.306122448979592,0.0400654129190515,3.46655328798186,15
"{sun} => {done}",0.0122649223221586,0.138888888888889,0.0883074407195421,3.46655328798186,15
"{morning} => {day}",0.0122649223221586,0.267857142857143,0.0457890433360589,2.0865559599636,15
"{day} => {morning}",0.0122649223221586,0.0955414012738854,0.128372853638594,2.0865559599636,15
"{light} => {like}",0.0106295993458708,0.245283018867925,0.0433360588716271,1.5305159799769,13
"{like} => {light}",0.0106295993458708,0.0663265306122449,0.160261651676206,1.5305159799769,13
"{sky} => {away}",0.0114472608340147,0.28,0.0408830744071954,2.18114649681529,14
"{away} => {sky}",0.0114472608340147,0.089171974522293,0.128372853638594,2.18114649681529,14
"{noon} => {night}",0.0130825838103025,0.290909090909091,0.044971381847915,3.74507177033493,16
"{night} => {noon}",0.0130825838103025,0.168421052631579,0.0776778413736713,3.74507177033493,16
"{noon} => {sun}",0.0130825838103025,0.290909090909091,0.044971381847915,3.29427609427609,16
"{sun} => {noon}",0.0130825838103025,0.148148148148148,0.0883074407195421,3.29427609427609,16
"{noon} => {upon}",0.0106295993458708,0.236363636363636,0.044971381847915,1.45262677021471,13
"{upon} => {noon}",0.0106295993458708,0.0653266331658292,0.162714636140638,1.45262677021471,13
"{nature} => {day}",0.0106295993458708,0.2,0.053147996729354,1.55796178343949,13
"{day} => {nature}",0.0106295993458708,0.0828025477707006,0.128372853638594,1.55796178343949,13
"{though} => {one}",0.0122649223221586,0.283018867924528,0.0433360588716271,1.80277122641509,15
"{one} => {though}",0.0122649223221586,0.078125,0.15699100572363,1.80277122641509,15
"{though} => {like}",0.0106295993458708,0.245283018867925,0.0433360588716271,1.5305159799769,13
"{like} => {though}",0.0106295993458708,0.0663265306122449,0.160261651676206,1.5305159799769,13
"{die} => {day}",0.0106295993458708,0.209677419354839,0.0506950122649223,1.63334703102527,13
"{day} => {die}",0.0106295993458708,0.0828025477707006,0.128372853638594,1.63334703102527,13
"{die} => {one}",0.0122649223221586,0.241935483870968,0.0506950122649223,1.54107862903226,15
"{one} => {die}",0.0122649223221586,0.078125,0.15699100572363,1.54107862903226,15
"{home} => {know}",0.0114472608340147,0.25,0.0457890433360589,2.10862068965517,14
"{know} => {home}",0.0114472608340147,0.096551724137931,0.118560915780867,2.10862068965517,14
"{home} => {upon}",0.0106295993458708,0.232142857142857,0.0457890433360589,1.42668700646088,13
"{upon} => {home}",0.0106295993458708,0.0653266331658292,0.162714636140638,1.42668700646088,13
"{let} => {go}",0.0114472608340147,0.269230769230769,0.0425183973834832,3.10631349782293,14
"{go} => {let}",0.0114472608340147,0.132075471698113,0.0866721177432543,3.10631349782293,14
"{let} => {know}",0.0106295993458708,0.25,0.0425183973834832,2.10862068965517,13
"{know} => {let}",0.0106295993458708,0.0896551724137931,0.118560915780867,2.10862068965517,13
"{let} => {like}",0.0122649223221586,0.288461538461538,0.0425183973834832,1.79994113029827,15
"{like} => {let}",0.0122649223221586,0.076530612244898,0.160261651676206,1.79994113029827,15
"{bee} => {away}",0.0106295993458708,0.206349206349206,0.0515126737530662,1.60742088767566,13
"{away} => {bee}",0.0106295993458708,0.0828025477707006,0.128372853638594,1.60742088767566,13
"{new} => {time}",0.0106295993458708,0.245283018867925,0.0433360588716271,3.1248034591195,13
"{time} => {new}",0.0106295993458708,0.135416666666667,0.0784955028618152,3.1248034591195,13
"{new} => {day}",0.0147179067865904,0.339622641509434,0.0433360588716271,2.64559548131234,18
"{day} => {new}",0.0147179067865904,0.114649681528662,0.128372853638594,2.64559548131234,18
"{new} => {like}",0.0106295993458708,0.245283018867925,0.0433360588716271,1.5305159799769,13
"{like} => {new}",0.0106295993458708,0.0663265306122449,0.160261651676206,1.5305159799769,13
"{men} => {like}",0.0114472608340147,0.212121212121212,0.0539656582174979,1.32359307359307,14
"{like} => {men}",0.0114472608340147,0.0714285714285714,0.160261651676206,1.32359307359307,14
"{men} => {upon}",0.0122649223221586,0.227272727272727,0.053965658217498,1.39675650982184,15
"{upon} => {men}",0.0122649223221586,0.0753768844221105,0.162714636140638,1.39675650982184,15
"{door} => {see}",0.0114472608340147,0.229508196721311,0.0498773507767784,2.67322404371585,14
"{see} => {door}",0.0114472608340147,0.133333333333333,0.0858544562551104,2.67322404371585,14
"{door} => {one}",0.0106295993458708,0.213114754098361,0.0498773507767784,1.35749658469945,13
"{one} => {door}",0.0106295993458708,0.0677083333333333,0.15699100572363,1.35749658469945,13
"{door} => {like}",0.0106295993458708,0.213114754098361,0.0498773507767784,1.32979257276681,13
"{like} => {door}",0.0106295993458708,0.0663265306122449,0.160261651676206,1.32979257276681,13
"{hand} => {one}",0.0114472608340147,0.25,0.0457890433360589,1.59244791666667,14
"{one} => {hand}",0.0114472608340147,0.0729166666666667,0.15699100572363,1.59244791666667,14
"{hand} => {like}",0.0122649223221586,0.267857142857143,0.0457890433360589,1.67137390670554,15
"{like} => {hand}",0.0122649223221586,0.076530612244898,0.160261651676206,1.67137390670554,15
"{feet} => {upon}",0.0155355682747343,0.322033898305085,0.0482420278004906,1.97913295290009,19
"{upon} => {feet}",0.0155355682747343,0.0954773869346734,0.162714636140638,1.97913295290009,19
"{last} => {night}",0.0106295993458708,0.216666666666667,0.0490596892886345,2.78929824561404,13
"{night} => {last}",0.0106295993458708,0.136842105263158,0.0776778413736713,2.78929824561404,13
"{last} => {one}",0.0114472608340147,0.233333333333333,0.0490596892886345,1.48628472222222,14
"{one} => {last}",0.0114472608340147,0.0729166666666667,0.15699100572363,1.48628472222222,14
"{make} => {day}",0.0130825838103025,0.280701754385965,0.0466067048242028,2.18661302938876,16
"{day} => {make}",0.0130825838103025,0.101910828025478,0.128372853638594,2.18661302938876,16
"{make} => {away}",0.0106295993458708,0.228070175438596,0.0466067048242028,1.77662308637837,13
"{away} => {make}",0.0106295993458708,0.0828025477707006,0.128372853638594,1.77662308637837,13
"{make} => {like}",0.0122649223221586,0.263157894736842,0.0466067048242028,1.64205155746509,15
"{like} => {make}",0.0122649223221586,0.076530612244898,0.160261651676206,1.64205155746509,15
"{whose} => {never}",0.0122649223221586,0.25,0.0490596892886345,2.65869565217391,15
"{never} => {whose}",0.0122649223221586,0.130434782608696,0.0940310711365495,2.65869565217391,15
"{whose} => {day}",0.0106295993458708,0.216666666666667,0.0490596892886345,1.68779193205945,13
"{day} => {whose}",0.0106295993458708,0.0828025477707006,0.128372853638594,1.68779193205945,13
"{whose} => {away}",0.0106295993458708,0.216666666666667,0.0490596892886345,1.68779193205945,13
"{away} => {whose}",0.0106295993458708,0.0828025477707006,0.128372853638594,1.68779193205945,13
"{whose} => {upon}",0.0130825838103025,0.266666666666667,0.0490596892886345,1.63886097152429,16
"{upon} => {whose}",0.0130825838103025,0.0804020100502513,0.162714636140638,1.63886097152429,16
"{first} => {life}",0.0114472608340147,0.229508196721311,0.0498773507767784,2.75184828029572,14
"{life} => {first}",0.0114472608340147,0.137254901960784,0.0834014717906787,2.75184828029573,14
"{first} => {away}",0.0106295993458708,0.213114754098361,0.0498773507767784,1.66012321186175,13
"{away} => {first}",0.0106295993458708,0.0828025477707006,0.128372853638594,1.66012321186175,13
"{first} => {upon}",0.0106295993458708,0.213114754098361,0.0498773507767784,1.30974544855425,13
"{upon} => {first}",0.0106295993458708,0.0653266331658292,0.162714636140638,1.30974544855425,13
"{sea} => {yet}",0.0122649223221586,0.194805194805195,0.0629599345870809,2.50786056049214,15
"{yet} => {sea}",0.0122649223221586,0.157894736842105,0.0776778413736713,2.50786056049214,15
"{sea} => {sun}",0.0106295993458708,0.168831168831169,0.0629599345870809,1.91185666185666,13
"{sun} => {sea}",0.0106295993458708,0.12037037037037,0.0883074407195421,1.91185666185666,13
"{sea} => {know}",0.0106295993458708,0.168831168831169,0.0629599345870809,1.42400358262427,13
"{know} => {sea}",0.0106295993458708,0.0896551724137931,0.118560915780867,1.42400358262427,13
"{sea} => {away}",0.0139002452984464,0.220779220779221,0.0629599345870809,1.71982794275788,17
"{away} => {sea}",0.0139002452984464,0.10828025477707,0.128372853638594,1.71982794275788,17
"{sea} => {upon}",0.0155355682747343,0.246753246753247,0.0629599345870809,1.51647849637799,19
"{upon} => {sea}",0.0155355682747343,0.0954773869346734,0.162714636140638,1.51647849637799,19
"{every} => {may}",0.0106295993458708,0.185714285714286,0.0572363041700736,2.70391156462585,13
"{may} => {every}",0.0106295993458708,0.154761904761905,0.0686835650040883,2.70391156462585,13
"{every} => {little}",0.0106295993458708,0.185714285714286,0.0572363041700736,1.64585921325052,13
"{little} => {every}",0.0106295993458708,0.0942028985507246,0.112837285363859,1.64585921325052,13
"{every} => {day}",0.0114472608340147,0.2,0.0572363041700736,1.55796178343949,14
"{day} => {every}",0.0114472608340147,0.089171974522293,0.128372853638594,1.55796178343949,14
"{every} => {one}",0.0122649223221586,0.214285714285714,0.0572363041700736,1.36495535714286,15
"{one} => {every}",0.0122649223221586,0.078125,0.15699100572363,1.36495535714286,15
"{every} => {like}",0.0122649223221586,0.214285714285714,0.0572363041700736,1.33709912536443,15
"{like} => {every}",0.0122649223221586,0.076530612244898,0.160261651676206,1.33709912536443,15
"{every} => {upon}",0.0147179067865904,0.257142857142857,0.0572363041700736,1.58033022254128,18
"{upon} => {every}",0.0147179067865904,0.0904522613065327,0.162714636140638,1.58033022254128,18
"{eye} => {know}",0.0106295993458708,0.203125,0.0523303352412101,1.71325431034483,13
"{know} => {eye}",0.0106295993458708,0.0896551724137931,0.118560915780867,1.71325431034483,13
"{eye} => {one}",0.0147179067865904,0.28125,0.0523303352412101,1.79150390625,18
"{one} => {eye}",0.0147179067865904,0.09375,0.15699100572363,1.79150390625,18
"{eye} => {like}",0.0106295993458708,0.203125,0.0523303352412101,1.26745854591837,13
"{like} => {eye}",0.0106295993458708,0.0663265306122449,0.160261651676206,1.26745854591837,13
"{eye} => {upon}",0.0155355682747343,0.296875,0.0523303352412101,1.82451319095477,19
"{upon} => {eye}",0.0155355682747343,0.0954773869346734,0.162714636140638,1.82451319095477,19
"{take} => {way}",0.0114472608340147,0.225806451612903,0.0506950122649223,3.58651026392962,14
"{way} => {take}",0.0114472608340147,0.181818181818182,0.0629599345870809,3.58651026392962,14
"{take} => {away}",0.0147179067865904,0.290322580645161,0.0506950122649223,2.26155742757345,18
"{away} => {take}",0.0147179067865904,0.114649681528662,0.128372853638594,2.26155742757345,18
"{take} => {like}",0.0106295993458708,0.209677419354839,0.0506950122649223,1.30834430546412,13
"{like} => {take}",0.0106295993458708,0.0663265306122449,0.160261651676206,1.30834430546412,13
"{take} => {upon}",0.0114472608340147,0.225806451612903,0.0506950122649223,1.38774517750041,14
"{upon} => {take}",0.0114472608340147,0.0703517587939698,0.162714636140638,1.38774517750041,14
"{old} => {little}",0.0114472608340147,0.259259259259259,0.0441537203597711,2.29763821792807,14
"{little} => {old}",0.0114472608340147,0.101449275362319,0.112837285363859,2.29763821792807,14
"{old} => {one}",0.0139002452984464,0.314814814814815,0.0441537203597711,2.00530478395062,17
"{one} => {old}",0.0139002452984464,0.0885416666666667,0.15699100572363,2.00530478395062,17
"{old} => {like}",0.0106295993458708,0.240740740740741,0.0441537203597711,1.50217309145881,13
"{like} => {old}",0.0106295993458708,0.0663265306122449,0.160261651676206,1.50217309145881,13
"{old} => {upon}",0.0114472608340147,0.259259259259259,0.0441537203597711,1.59333705564861,14
"{upon} => {old}",0.0114472608340147,0.0703517587939698,0.162714636140638,1.59333705564861,14
"{say} => {way}",0.0114472608340147,0.202898550724638,0.0564186426819297,3.22266139657444,14
"{way} => {say}",0.0114472608340147,0.181818181818182,0.0629599345870809,3.22266139657444,14
"{say} => {know}",0.0139002452984464,0.246376811594203,0.0564186426819297,2.07806096951524,17
"{know} => {say}",0.0139002452984464,0.117241379310345,0.118560915780867,2.07806096951524,17
"{say} => {little}",0.0147179067865904,0.260869565217391,0.0564186426819297,2.31190926275992,18
"{little} => {say}",0.0147179067865904,0.130434782608696,0.112837285363859,2.31190926275992,18
"{say} => {day}",0.0188062142273099,0.333333333333333,0.0564186426819297,2.59660297239915,23
"{day} => {say}",0.0188062142273099,0.146496815286624,0.128372853638594,2.59660297239915,23
"{say} => {away}",0.0130825838103025,0.231884057971014,0.0564186426819297,1.80633250253854,16
"{away} => {say}",0.0130825838103025,0.101910828025478,0.128372853638594,1.80633250253854,16
"{say} => {one}",0.0139002452984464,0.246376811594203,0.0564186426819297,1.56936896135266,17
"{one} => {say}",0.0139002452984464,0.0885416666666667,0.15699100572363,1.56936896135266,17
"{say} => {like}",0.0122649223221586,0.217391304347826,0.0564186426819297,1.35647737355812,15
"{like} => {say}",0.0122649223221586,0.076530612244898,0.160261651676206,1.35647737355812,15
"{shall} => {face}",0.0114472608340147,0.229508196721311,0.0498773507767784,2.8936961297955,14
"{face} => {shall}",0.0114472608340147,0.144329896907216,0.0793131643499591,2.8936961297955,14
"{shall} => {see}",0.0114472608340147,0.229508196721311,0.0498773507767784,2.67322404371585,14
"{see} => {shall}",0.0114472608340147,0.133333333333333,0.0858544562551104,2.67322404371585,14
"{shall} => {away}",0.0106295993458708,0.213114754098361,0.0498773507767784,1.66012321186175,13
"{away} => {shall}",0.0106295993458708,0.0828025477707006,0.128372853638594,1.66012321186175,13
"{still} => {may}",0.0106295993458708,0.194029850746269,0.0547833197056419,2.82498223169865,13
"{may} => {still}",0.0106295993458708,0.154761904761905,0.0686835650040883,2.82498223169865,13
"{still} => {away}",0.0114472608340147,0.208955223880597,0.0547833197056419,1.62772126628006,14
"{away} => {still}",0.0114472608340147,0.089171974522293,0.128372853638594,1.62772126628006,14
"{still} => {one}",0.0130825838103025,0.238805970149254,0.0547833197056419,1.52114427860697,16
"{one} => {still}",0.0130825838103025,0.0833333333333333,0.15699100572363,1.52114427860697,16
"{still} => {like}",0.0106295993458708,0.194029850746269,0.0547833197056419,1.21070667072799,13
"{like} => {still}",0.0106295993458708,0.0663265306122449,0.160261651676206,1.21070667072799,13
"{bird} => {summer}",0.0114472608340147,0.202898550724638,0.0564186426819297,3.18134522482349,14
"{summer} => {bird}",0.0114472608340147,0.179487179487179,0.0637775960752249,3.18134522482349,14
"{bird} => {yet}",0.0106295993458708,0.188405797101449,0.0564186426819297,2.42547673531655,13
"{yet} => {bird}",0.0106295993458708,0.136842105263158,0.0776778413736713,2.42547673531655,13
"{bird} => {sun}",0.0106295993458708,0.188405797101449,0.0564186426819297,2.13352120236178,13
"{sun} => {bird}",0.0106295993458708,0.12037037037037,0.0883074407195421,2.13352120236178,13
"{bird} => {little}",0.0122649223221586,0.217391304347826,0.0564186426819297,1.92659105229994,15
"{little} => {bird}",0.0122649223221586,0.108695652173913,0.112837285363859,1.92659105229994,15
"{bird} => {upon}",0.0122649223221586,0.217391304347826,0.0564186426819297,1.33602796591654,15
"{upon} => {bird}",0.0122649223221586,0.0753768844221105,0.162714636140638,1.33602796591654,15
"{look} => {come}",0.0106295993458708,0.209677419354839,0.0506950122649223,3.33033095936322,13
"{come} => {look}",0.0106295993458708,0.168831168831169,0.0629599345870809,3.33033095936322,13
"{look} => {know}",0.0155355682747343,0.306451612903226,0.0506950122649223,2.58476084538376,19
"{know} => {look}",0.0155355682747343,0.131034482758621,0.118560915780867,2.58476084538376,19
"{look} => {away}",0.0114472608340147,0.225806451612903,0.0506950122649223,1.75898911033491,14
"{away} => {look}",0.0114472608340147,0.089171974522293,0.128372853638594,1.75898911033491,14
"{look} => {like}",0.0155355682747343,0.306451612903226,0.0506950122649223,1.91219552337064,19
"{like} => {look}",0.0155355682747343,0.0969387755102041,0.160261651676206,1.91219552337064,19
"{look} => {upon}",0.0130825838103025,0.258064516129032,0.0506950122649223,1.58599448857189,16
"{upon} => {look}",0.0130825838103025,0.0804020100502513,0.162714636140638,1.58599448857189,16
"{without} => {soul}",0.0106295993458708,0.146067415730337,0.0727718724448078,2.15229457154461,13
"{soul} => {without}",0.0106295993458708,0.156626506024096,0.0678659035159444,2.15229457154461,13
"{without} => {know}",0.0106295993458708,0.146067415730337,0.0727718724448078,1.23200309957381,13
"{know} => {without}",0.0106295993458708,0.0896551724137931,0.118560915780867,1.23200309957381,13
"{without} => {day}",0.0114472608340147,0.157303370786517,0.0727718724448078,1.22536320045803,14
"{day} => {without}",0.0114472608340147,0.089171974522293,0.128372853638594,1.22536320045803,14
"{without} => {away}",0.0106295993458708,0.146067415730337,0.0727718724448078,1.13783725756817,13
"{away} => {without}",0.0106295993458708,0.0828025477707006,0.128372853638594,1.13783725756817,13
"{without} => {like}",0.0122649223221586,0.168539325842697,0.0727718724448079,1.05165099747764,15
"{like} => {without}",0.0122649223221586,0.076530612244898,0.160261651676206,1.05165099747764,15
"{without} => {upon}",0.0196238757154538,0.269662921348315,0.0727718724448079,1.65727513974366,24
"{upon} => {without}",0.0196238757154538,0.120603015075377,0.162714636140638,1.65727513974366,24
"{unto} => {may}",0.0114472608340147,0.189189189189189,0.0605069501226492,2.7545045045045,14
"{may} => {unto}",0.0114472608340147,0.166666666666667,0.0686835650040883,2.7545045045045,14
"{unto} => {night}",0.0106295993458708,0.175675675675676,0.0605069501226492,2.26159317211949,13
"{night} => {unto}",0.0106295993458708,0.136842105263158,0.0776778413736713,2.26159317211949,13
"{unto} => {one}",0.0122649223221586,0.202702702702703,0.0605069501226492,1.29117398648649,15
"{one} => {unto}",0.0122649223221586,0.078125,0.15699100572363,1.29117398648649,15
"{unto} => {upon}",0.017988552739166,0.297297297297297,0.0605069501226492,1.82710851555073,22
"{upon} => {unto}",0.017988552739166,0.110552763819095,0.162714636140638,1.82710851555073,22
"{summer} => {sun}",0.0139002452984464,0.217948717948718,0.0637775960752249,2.46806742640076,17
"{sun} => {summer}",0.0139002452984464,0.157407407407407,0.0883074407195421,2.46806742640076,17
"{summer} => {see}",0.0106295993458708,0.166666666666667,0.0637775960752249,1.94126984126984,13
"{see} => {summer}",0.0106295993458708,0.123809523809524,0.0858544562551104,1.94126984126984,13
"{summer} => {day}",0.0122649223221586,0.192307692307692,0.0637775960752249,1.49804017638413,15
"{day} => {summer}",0.0122649223221586,0.0955414012738854,0.128372853638594,1.49804017638413,15
"{summer} => {like}",0.0147179067865904,0.230769230769231,0.0637775960752248,1.43995290423862,18
"{like} => {summer}",0.0147179067865904,0.0918367346938776,0.160261651676206,1.43995290423862,18
"{summer} => {upon}",0.0122649223221586,0.192307692307692,0.0637775960752249,1.18187089292617,15
"{upon} => {summer}",0.0122649223221586,0.0753768844221105,0.162714636140638,1.18187089292617,15
"{soul} => {go}",0.0106295993458708,0.156626506024096,0.0678659035159444,1.8071152534667,13
"{go} => {soul}",0.0106295993458708,0.122641509433962,0.0866721177432543,1.8071152534667,13
"{soul} => {know}",0.0106295993458708,0.156626506024096,0.0678659035159444,1.32106356460324,13
"{know} => {soul}",0.0106295993458708,0.0896551724137931,0.118560915780867,1.32106356460324,13
"{soul} => {one}",0.0155355682747343,0.228915662650602,0.0678659035159444,1.45814508032128,19
"{one} => {soul}",0.0155355682747343,0.0989583333333333,0.15699100572363,1.45814508032128,19
"{soul} => {like}",0.0122649223221586,0.180722891566265,0.0678659035159444,1.12767396115073,15
"{like} => {soul}",0.0122649223221586,0.076530612244898,0.160261651676206,1.12767396115073,15
"{soul} => {upon}",0.0147179067865904,0.216867469879518,0.0678659035159444,1.33280862142035,18
"{upon} => {soul}",0.0147179067865904,0.0904522613065327,0.162714636140638,1.33280862142035,18
"{must} => {way}",0.0130825838103025,0.183908045977011,0.07113654946852,2.92103298999851,16
"{way} => {must}",0.0130825838103025,0.207792207792208,0.0629599345870809,2.92103298999851,16
"{must} => {tell}",0.0106295993458708,0.149425287356322,0.07113654946852,2.07667189132706,13
"{tell} => {must}",0.0106295993458708,0.147727272727273,0.0719542109566639,2.07667189132706,13
"{must} => {face}",0.0106295993458708,0.149425287356322,0.07113654946852,1.88399099419363,13
"{face} => {must}",0.0106295993458708,0.134020618556701,0.0793131643499591,1.88399099419362,13
"{must} => {life}",0.0106295993458708,0.149425287356322,0.07113654946852,1.79163849447825,13
"{life} => {must}",0.0106295993458708,0.127450980392157,0.0834014717906787,1.79163849447825,13
"{must} => {know}",0.0130825838103025,0.183908045977011,0.07113654946852,1.55116924296472,16
"{know} => {must}",0.0130825838103025,0.110344827586207,0.118560915780867,1.55116924296472,16
"{must} => {little}",0.0139002452984464,0.195402298850575,0.07113654946852,1.73171747459604,17
"{little} => {must}",0.0139002452984464,0.123188405797101,0.112837285363859,1.73171747459604,17
"{must} => {away}",0.0139002452984464,0.195402298850575,0.07113654946852,1.52214657002709,17
"{away} => {must}",0.0139002452984464,0.10828025477707,0.128372853638594,1.52214657002709,17
"{must} => {one}",0.0114472608340147,0.160919540229885,0.07113654946852,1.02502394636015,14
"{one} => {must}",0.0114472608340147,0.0729166666666667,0.15699100572363,1.02502394636015,14
"{must} => {like}",0.0139002452984464,0.195402298850575,0.07113654946852,1.21927046680741,17
"{like} => {must}",0.0139002452984464,0.086734693877551,0.160261651676206,1.21927046680741,17
"{must} => {upon}",0.0122649223221586,0.172413793103448,0.07113654946852,1.05960838676139,15
"{upon} => {must}",0.0122649223221586,0.0753768844221105,0.162714636140638,1.05960838676139,15
"{put} => {life}",0.0114472608340147,0.197183098591549,0.0580539656582175,2.36426401546534,14
"{life} => {put}",0.0114472608340147,0.137254901960784,0.0834014717906787,2.36426401546534,14
"{put} => {little}",0.0130825838103025,0.225352112676056,0.0580539656582175,1.99714227393346,16
"{little} => {put}",0.0130825838103025,0.115942028985507,0.112837285363859,1.99714227393346,16
"{put} => {day}",0.0106295993458708,0.183098591549296,0.0580539656582175,1.426303041177,13
"{day} => {put}",0.0106295993458708,0.0828025477707006,0.128372853638594,1.426303041177,13
"{put} => {away}",0.0212591986917416,0.366197183098592,0.0580539656582175,2.852606082354,26
"{away} => {put}",0.0212591986917416,0.165605095541401,0.128372853638594,2.852606082354,26
"{put} => {one}",0.0139002452984464,0.23943661971831,0.0580539656582175,1.52516138497653,17
"{one} => {put}",0.0139002452984464,0.0885416666666667,0.15699100572363,1.52516138497653,17
"{put} => {like}",0.0122649223221586,0.211267605633803,0.0580539656582175,1.31826674331705,15
"{like} => {put}",0.0122649223221586,0.076530612244898,0.160261651676206,1.31826674331705,15
"{put} => {upon}",0.0114472608340147,0.197183098591549,0.0580539656582175,1.21183381697218,14
"{upon} => {put}",0.0114472608340147,0.0703517587939698,0.162714636140638,1.21183381697218,14
"{god} => {heaven}",0.0122649223221586,0.172413793103448,0.07113654946852,2.36923672994963,15
"{heaven} => {god}",0.0122649223221586,0.168539325842697,0.0727718724448079,2.36923672994963,15
"{god} => {sun}",0.0122649223221586,0.172413793103448,0.07113654946852,1.95242656449553,15
"{sun} => {god}",0.0122649223221586,0.138888888888889,0.0883074407195421,1.95242656449553,15
"{god} => {know}",0.0106295993458708,0.149425287356322,0.07113654946852,1.26032500990884,13
"{know} => {god}",0.0106295993458708,0.0896551724137931,0.118560915780867,1.26032500990884,13
"{god} => {day}",0.0147179067865904,0.206896551724138,0.07113654946852,1.61168460355809,18
"{day} => {god}",0.0147179067865904,0.114649681528662,0.128372853638594,1.61168460355809,18
"{god} => {one}",0.0114472608340147,0.160919540229885,0.07113654946852,1.02502394636015,14
"{one} => {god}",0.0114472608340147,0.0729166666666667,0.15699100572363,1.02502394636015,14
"{god} => {like}",0.0114472608340147,0.160919540229885,0.07113654946852,1.00410509031199,14
"{like} => {god}",0.0114472608340147,0.0714285714285714,0.160261651676206,1.00410509031199,14
"{god} => {upon}",0.0139002452984464,0.195402298850575,0.07113654946852,1.20088950499625,17
"{upon} => {god}",0.0139002452984464,0.085427135678392,0.162714636140638,1.20088950499625,17
"{death} => {eyes}",0.0114472608340147,0.160919540229885,0.07113654946852,2.55590386624869,14
"{eyes} => {death}",0.0114472608340147,0.181818181818182,0.0629599345870809,2.55590386624869,14
"{death} => {life}",0.0196238757154538,0.275862068965517,0.07113654946852,3.30764029749831,24
"{life} => {death}",0.0196238757154538,0.235294117647059,0.0834014717906787,3.30764029749831,24
"{death} => {away}",0.0114472608340147,0.160919540229885,0.07113654946852,1.25353246943407,14
"{away} => {death}",0.0114472608340147,0.089171974522293,0.128372853638594,1.25353246943407,14
"{death} => {one}",0.0139002452984464,0.195402298850575,0.07113654946852,1.2446719348659,17
"{one} => {death}",0.0139002452984464,0.0885416666666667,0.15699100572363,1.2446719348659,17
"{death} => {like}",0.0130825838103025,0.183908045977011,0.07113654946852,1.14754867464227,16
"{like} => {death}",0.0130825838103025,0.0816326530612245,0.160261651676206,1.14754867464227,16
"{death} => {upon}",0.0122649223221586,0.172413793103448,0.07113654946852,1.05960838676139,15
"{upon} => {death}",0.0122649223221586,0.0753768844221105,0.162714636140638,1.05960838676139,15
"{may} => {mine}",0.0106295993458708,0.154761904761905,0.0686835650040883,2.52365079365079,13
"{mine} => {may}",0.0106295993458708,0.173333333333333,0.0613246116107931,2.52365079365079,13
"{may} => {little}",0.0147179067865904,0.214285714285714,0.0686835650040883,1.89906832298137,18
"{little} => {may}",0.0147179067865904,0.130434782608696,0.112837285363859,1.89906832298137,18
"{may} => {away}",0.0130825838103025,0.19047619047619,0.0686835650040883,1.48377312708523,16
"{away} => {may}",0.0130825838103025,0.101910828025478,0.128372853638594,1.48377312708523,16
"{may} => {one}",0.0147179067865904,0.214285714285714,0.0686835650040883,1.36495535714286,18
"{one} => {may}",0.0147179067865904,0.09375,0.15699100572363,1.36495535714286,18
"{may} => {like}",0.0139002452984464,0.202380952380952,0.0686835650040883,1.26281584062196,17
"{like} => {may}",0.0139002452984464,0.086734693877551,0.160261651676206,1.26281584062196,17
"{mine} => {far}",0.0122649223221586,0.2,0.0613246116107931,3.09620253164557,15
"{far} => {mine}",0.0122649223221586,0.189873417721519,0.0645952575633688,3.09620253164557,15
"{mine} => {life}",0.0106295993458708,0.173333333333333,0.0613246116107931,2.07830065359477,13
"{life} => {mine}",0.0106295993458708,0.127450980392157,0.0834014717906787,2.07830065359477,13
"{mine} => {see}",0.0106295993458708,0.173333333333333,0.0613246116107931,2.01892063492064,13
"{see} => {mine}",0.0106295993458708,0.123809523809524,0.0858544562551104,2.01892063492064,13
"{mine} => {know}",0.0130825838103025,0.213333333333333,0.0613246116107931,1.79935632183908,16
"{know} => {mine}",0.0130825838103025,0.110344827586207,0.118560915780867,1.79935632183908,16
"{mine} => {little}",0.0139002452984464,0.226666666666667,0.0613246116107931,2.0087922705314,17
"{little} => {mine}",0.0139002452984464,0.123188405797101,0.112837285363859,2.0087922705314,17
"{mine} => {away}",0.0122649223221586,0.2,0.0613246116107931,1.55796178343949,15
"{away} => {mine}",0.0122649223221586,0.0955414012738854,0.128372853638594,1.55796178343949,15
"{mine} => {one}",0.0155355682747343,0.253333333333333,0.0613246116107931,1.61368055555556,19
"{one} => {mine}",0.0155355682747343,0.0989583333333333,0.15699100572363,1.61368055555556,19
"{mine} => {like}",0.0155355682747343,0.253333333333333,0.0613246116107931,1.58074829931973,19
"{like} => {mine}",0.0155355682747343,0.0969387755102041,0.160261651676206,1.58074829931973,19
"{mine} => {upon}",0.0106295993458708,0.173333333333333,0.0613246116107931,1.06525963149079,13
"{upon} => {mine}",0.0106295993458708,0.0653266331658292,0.162714636140638,1.06525963149079,13
"{come} => {know}",0.0139002452984464,0.220779220779221,0.0629599345870809,1.86215853112405,17
"{know} => {come}",0.0139002452984464,0.117241379310345,0.118560915780867,1.86215853112405,17
"{come} => {little}",0.0130825838103025,0.207792207792208,0.0629599345870809,1.84152079804254,16
"{little} => {come}",0.0130825838103025,0.115942028985507,0.112837285363859,1.84152079804254,16
"{come} => {day}",0.0122649223221586,0.194805194805195,0.0629599345870809,1.51749524360989,15
"{day} => {come}",0.0122649223221586,0.0955414012738854,0.128372853638594,1.51749524360989,15
"{come} => {away}",0.0171708912510221,0.272727272727273,0.0629599345870809,2.12449334105385,21
"{away} => {come}",0.0171708912510221,0.133757961783439,0.128372853638594,2.12449334105385,21
"{come} => {upon}",0.0139002452984464,0.220779220779221,0.0629599345870809,1.35684918096978,17
"{upon} => {come}",0.0139002452984464,0.085427135678392,0.162714636140638,1.35684918096978,17
"{far} => {night}",0.0106295993458708,0.164556962025316,0.0645952575633688,2.1184543637575,13
"{night} => {far}",0.0106295993458708,0.136842105263158,0.0776778413736713,2.1184543637575,13
"{far} => {see}",0.0130825838103025,0.20253164556962,0.0645952575633688,2.35901145268234,16
"{see} => {far}",0.0130825838103025,0.152380952380952,0.0858544562551104,2.35901145268234,16
"{far} => {little}",0.0122649223221586,0.189873417721519,0.0645952575633688,1.68271876719868,15
"{little} => {far}",0.0122649223221586,0.108695652173913,0.112837285363859,1.68271876719868,15
"{far} => {day}",0.0163532297628782,0.253164556962025,0.0645952575633688,1.97210352334113,20
"{day} => {far}",0.0163532297628782,0.127388535031847,0.128372853638594,1.97210352334113,20
"{far} => {away}",0.0196238757154538,0.30379746835443,0.0645952575633688,2.36652422800935,24
"{away} => {far}",0.0196238757154538,0.152866242038217,0.128372853638594,2.36652422800935,24
"{far} => {one}",0.0147179067865904,0.227848101265823,0.0645952575633688,1.45134493670886,18
"{one} => {far}",0.0147179067865904,0.09375,0.15699100572363,1.45134493670886,18
"{far} => {like}",0.0114472608340147,0.177215189873418,0.0645952575633688,1.10578661844485,14
"{like} => {far}",0.0114472608340147,0.0714285714285714,0.160261651676206,1.10578661844485,14
"{far} => {upon}",0.0122649223221586,0.189873417721519,0.0645952575633688,1.16691050187647,15
"{upon} => {far}",0.0122649223221586,0.0753768844221105,0.162714636140638,1.16691050187647,15
"{way} => {tell}",0.0114472608340147,0.181818181818182,0.0629599345870809,2.52685950413223,14
"{tell} => {way}",0.0114472608340147,0.159090909090909,0.0719542109566639,2.52685950413223,14
"{way} => {go}",0.0114472608340147,0.181818181818182,0.0629599345870809,2.09777015437393,14
"{go} => {way}",0.0114472608340147,0.132075471698113,0.0866721177432543,2.09777015437393,14
"{way} => {know}",0.0163532297628782,0.25974025974026,0.0629599345870809,2.19077474249888,20
"{know} => {way}",0.0163532297628782,0.137931034482759,0.118560915780867,2.19077474249888,20
"{way} => {little}",0.0122649223221586,0.194805194805195,0.0629599345870809,1.72642574816488,15
"{little} => {way}",0.0122649223221586,0.108695652173913,0.112837285363859,1.72642574816488,15
"{way} => {day}",0.0114472608340147,0.181818181818182,0.0629599345870809,1.4163288940359,14
"{day} => {way}",0.0114472608340147,0.089171974522293,0.128372853638594,1.4163288940359,14
"{way} => {away}",0.0147179067865904,0.233766233766234,0.0629599345870809,1.82099429233187,18
"{away} => {way}",0.0147179067865904,0.114649681528662,0.128372853638594,1.82099429233187,18
"{way} => {upon}",0.0139002452984464,0.220779220779221,0.0629599345870809,1.35684918096978,17
"{upon} => {way}",0.0139002452984464,0.085427135678392,0.162714636140638,1.35684918096978,17
"{eyes} => {heaven}",0.0106295993458708,0.168831168831169,0.0629599345870809,2.32000583685977,13
"{heaven} => {eyes}",0.0106295993458708,0.146067415730337,0.0727718724448078,2.32000583685977,13
"{eyes} => {face}",0.0114472608340147,0.181818181818182,0.0629599345870809,2.29240862230553,14
"{face} => {eyes}",0.0114472608340147,0.144329896907216,0.0793131643499591,2.29240862230553,14
"{eyes} => {see}",0.0147179067865904,0.233766233766234,0.0629599345870809,2.72282003710575,18
"{see} => {eyes}",0.0147179067865904,0.171428571428571,0.0858544562551104,2.72282003710575,18
"{eyes} => {know}",0.0130825838103025,0.207792207792208,0.0629599345870809,1.7526197939991,16
"{know} => {eyes}",0.0130825838103025,0.110344827586207,0.118560915780867,1.7526197939991,16
"{eyes} => {away}",0.0155355682747343,0.246753246753247,0.0629599345870809,1.92216064190586,19
"{away} => {eyes}",0.0155355682747343,0.121019108280255,0.128372853638594,1.92216064190586,19
"{eyes} => {one}",0.0139002452984464,0.220779220779221,0.0629599345870809,1.40631764069264,17
"{one} => {eyes}",0.0139002452984464,0.0885416666666667,0.15699100572363,1.40631764069264,17
"{eyes} => {like}",0.017988552739166,0.285714285714286,0.062959934587081,1.78279883381924,22
"{like} => {eyes}",0.017988552739166,0.112244897959184,0.160261651676206,1.78279883381924,22
"{eyes} => {upon}",0.0147179067865904,0.233766233766234,0.0629599345870809,1.43666383867389,18
"{upon} => {eyes}",0.0147179067865904,0.0904522613065327,0.162714636140638,1.43666383867389,18
"{heaven} => {yet}",0.0130825838103025,0.179775280898876,0.0727718724448079,2.3143701951508,16
"{yet} => {heaven}",0.0130825838103025,0.168421052631579,0.0776778413736713,2.3143701951508,16
"{heaven} => {life}",0.0139002452984464,0.191011235955056,0.0727718724448079,2.29026217228464,17
"{life} => {heaven}",0.0139002452984464,0.166666666666667,0.0834014717906787,2.29026217228464,17
"{heaven} => {see}",0.0122649223221586,0.168539325842697,0.0727718724448079,1.96308186195827,15
"{see} => {heaven}",0.0122649223221586,0.142857142857143,0.0858544562551104,1.96308186195827,15
"{heaven} => {know}",0.0163532297628782,0.224719101123595,0.0727718724448078,1.89538938395971,20
"{know} => {heaven}",0.0163532297628782,0.137931034482759,0.118560915780867,1.89538938395971,20
"{heaven} => {little}",0.0106295993458708,0.146067415730337,0.0727718724448078,1.29449601042176,13
"{little} => {heaven}",0.0106295993458708,0.0942028985507246,0.112837285363859,1.29449601042176,13
"{heaven} => {away}",0.0106295993458708,0.146067415730337,0.0727718724448078,1.13783725756817,13
"{away} => {heaven}",0.0106295993458708,0.0828025477707006,0.128372853638594,1.13783725756817,13
"{heaven} => {one}",0.0114472608340147,0.157303370786517,0.0727718724448078,1.00198970037453,14
"{one} => {heaven}",0.0114472608340147,0.0729166666666667,0.15699100572363,1.00198970037453,14
"{heaven} => {like}",0.0155355682747343,0.213483146067416,0.0727718724448078,1.33209126347168,19
"{like} => {heaven}",0.0155355682747343,0.0969387755102041,0.160261651676206,1.33209126347168,19
"{heaven} => {upon}",0.0147179067865904,0.202247191011236,0.0727718724448078,1.24295635480775,18
"{upon} => {heaven}",0.0147179067865904,0.0904522613065327,0.162714636140638,1.24295635480775,18
"{tell} => {night}",0.0106295993458708,0.147727272727273,0.0719542109566639,1.90179425837321,13
"{night} => {tell}",0.0106295993458708,0.136842105263158,0.0776778413736713,1.90179425837321,13
"{tell} => {see}",0.0122649223221586,0.170454545454545,0.0719542109566639,1.98538961038961,15
"{see} => {tell}",0.0122649223221586,0.142857142857143,0.0858544562551104,1.98538961038961,15
"{tell} => {go}",0.0106295993458708,0.147727272727273,0.0719542109566639,1.70443825042882,13
"{go} => {tell}",0.0106295993458708,0.122641509433962,0.0866721177432543,1.70443825042882,13
"{tell} => {know}",0.0155355682747343,0.215909090909091,0.0719542109566639,1.82108150470219,19
"{know} => {tell}",0.0155355682747343,0.131034482758621,0.118560915780867,1.82108150470219,19
"{tell} => {little}",0.0139002452984464,0.193181818181818,0.0719542109566639,1.71203886693017,17
"{little} => {tell}",0.0139002452984464,0.123188405797101,0.112837285363859,1.71203886693017,17
"{tell} => {day}",0.0155355682747343,0.215909090909091,0.0719542109566639,1.68189056166763,19
"{day} => {tell}",0.0155355682747343,0.121019108280255,0.128372853638594,1.68189056166763,19
"{tell} => {one}",0.0139002452984464,0.193181818181818,0.0719542109566639,1.23052793560606,17
"{one} => {tell}",0.0139002452984464,0.0885416666666667,0.15699100572363,1.23052793560606,17
"{tell} => {like}",0.0130825838103025,0.181818181818182,0.0719542109566639,1.13450834879406,16
"{like} => {tell}",0.0130825838103025,0.0816326530612245,0.160261651676206,1.13450834879406,16
"{tell} => {upon}",0.0130825838103025,0.181818181818182,0.0719542109566639,1.11740520785747,16
"{upon} => {tell}",0.0130825838103025,0.0804020100502513,0.162714636140638,1.11740520785747,16
"{yet} => {life}",0.0130825838103025,0.168421052631579,0.0776778413736713,2.01940144478844,16
"{life} => {yet}",0.0130825838103025,0.156862745098039,0.0834014717906787,2.01940144478844,16
"{yet} => {sun}",0.0114472608340147,0.147368421052632,0.0776778413736713,1.66881091617934,14
"{sun} => {yet}",0.0114472608340147,0.12962962962963,0.0883074407195421,1.66881091617934,14
"{yet} => {never}",0.0106295993458708,0.136842105263158,0.0776778413736713,1.45528604118993,13
"{never} => {yet}",0.0106295993458708,0.11304347826087,0.0940310711365495,1.45528604118993,13
"{yet} => {see}",0.0114472608340147,0.147368421052632,0.0776778413736713,1.71649122807018,14
"{see} => {yet}",0.0114472608340147,0.133333333333333,0.0858544562551104,1.71649122807018,14
"{yet} => {go}",0.0114472608340147,0.147368421052632,0.0776778413736713,1.70029791459782,14
"{go} => {yet}",0.0114472608340147,0.132075471698113,0.0866721177432543,1.70029791459782,14
"{yet} => {know}",0.0155355682747343,0.2,0.0776778413736713,1.68689655172414,19
"{know} => {yet}",0.0155355682747343,0.131034482758621,0.118560915780867,1.68689655172414,19
"{yet} => {little}",0.0139002452984464,0.178947368421053,0.0776778413736713,1.58588863463005,17
"{little} => {yet}",0.0139002452984464,0.123188405797101,0.112837285363859,1.58588863463005,17
"{yet} => {day}",0.0130825838103025,0.168421052631579,0.0776778413736713,1.31196781763325,16
"{day} => {yet}",0.0130825838103025,0.101910828025478,0.128372853638594,1.31196781763326,16
"{yet} => {away}",0.0122649223221586,0.157894736842105,0.0776778413736713,1.22996982903118,15
"{away} => {yet}",0.0122649223221586,0.0955414012738854,0.128372853638594,1.22996982903118,15
"{yet} => {one}",0.0122649223221586,0.157894736842105,0.0776778413736713,1.00575657894737,15
"{one} => {yet}",0.0122649223221586,0.078125,0.15699100572363,1.00575657894737,15
"{yet} => {like}",0.0139002452984464,0.178947368421053,0.0776778413736713,1.11659505907626,17
"{like} => {yet}",0.0139002452984464,0.086734693877551,0.160261651676206,1.11659505907626,17
"{yet} => {upon}",0.0245298446443173,0.315789473684211,0.0776778413736713,1.94075641364718,30
"{upon} => {yet}",0.0245298446443173,0.150753768844221,0.162714636140638,1.94075641364718,30
"{us} => {never}",0.0147179067865904,0.183673469387755,0.080130825838103,1.95332741792369,18
"{never} => {us}",0.0147179067865904,0.156521739130435,0.0940310711365495,1.95332741792369,18
"{us} => {go}",0.0139002452984464,0.173469387755102,0.080130825838103,2.00144397381594,17
"{go} => {us}",0.0139002452984464,0.160377358490566,0.0866721177432543,2.00144397381594,17
"{us} => {know}",0.0139002452984464,0.173469387755102,0.080130825838103,1.4631245601689,17
"{know} => {us}",0.0139002452984464,0.117241379310345,0.118560915780867,1.4631245601689,17
"{us} => {little}",0.0122649223221586,0.153061224489796,0.080130825838103,1.35647737355812,15
"{little} => {us}",0.0122649223221586,0.108695652173913,0.112837285363859,1.35647737355812,15
"{us} => {day}",0.0106295993458708,0.13265306122449,0.080130825838103,1.03334199922007,13
"{day} => {us}",0.0106295993458708,0.0828025477707006,0.128372853638594,1.03334199922007,13
"{us} => {away}",0.0147179067865904,0.183673469387755,0.080130825838103,1.43078122968933,18
"{away} => {us}",0.0147179067865904,0.114649681528662,0.128372853638594,1.43078122968933,18
"{us} => {one}",0.0130825838103025,0.163265306122449,0.080130825838103,1.03996598639456,16
"{one} => {us}",0.0130825838103025,0.0833333333333333,0.15699100572363,1.03996598639456,16
"{us} => {like}",0.0220768601798855,0.275510204081633,0.080130825838103,1.71912744689713,27
"{like} => {us}",0.0220768601798855,0.137755102040816,0.160261651676206,1.71912744689713,27
"{us} => {upon}",0.0155355682747343,0.193877551020408,0.080130825838103,1.19151881858271,19
"{upon} => {us}",0.0155355682747343,0.0954773869346734,0.162714636140638,1.19151881858271,19
"{face} => {night}",0.0106295993458708,0.134020618556701,0.0793131643499591,1.72533912099837,13
"{night} => {face}",0.0106295993458708,0.136842105263158,0.0776778413736713,1.72533912099837,13
"{face} => {life}",0.0122649223221586,0.154639175257732,0.0793131643499591,1.85415403274712,15
"{life} => {face}",0.0122649223221586,0.147058823529412,0.0834014717906787,1.85415403274712,15
"{face} => {sun}",0.0106295993458708,0.134020618556701,0.0793131643499591,1.51765941198931,13
"{sun} => {face}",0.0106295993458708,0.12037037037037,0.0883074407195421,1.51765941198931,13
"{face} => {never}",0.0106295993458708,0.134020618556701,0.0793131643499591,1.42528014343344,13
"{never} => {face}",0.0106295993458708,0.11304347826087,0.0940310711365495,1.42528014343344,13
"{face} => {see}",0.0130825838103025,0.164948453608247,0.0793131643499591,1.92125675012273,16
"{see} => {face}",0.0130825838103025,0.152380952380952,0.0858544562551104,1.92125675012273,16
"{face} => {know}",0.0114472608340147,0.144329896907216,0.0793131643499591,1.21734802701742,14
"{know} => {face}",0.0114472608340147,0.096551724137931,0.118560915780867,1.21734802701742,14
"{face} => {day}",0.0163532297628782,0.206185567010309,0.0793131643499591,1.60614616849432,20
"{day} => {face}",0.0163532297628782,0.127388535031847,0.128372853638594,1.60614616849432,20
"{face} => {away}",0.0122649223221586,0.154639175257732,0.0793131643499591,1.20460962637074,15
"{away} => {face}",0.0122649223221586,0.0955414012738854,0.128372853638594,1.20460962637074,15
"{face} => {one}",0.0196238757154538,0.247422680412371,0.0793131643499591,1.57603092783505,24
"{one} => {face}",0.0196238757154538,0.125,0.15699100572363,1.57603092783505,24
"{face} => {like}",0.0204415372035977,0.257731958762887,0.0793131643499591,1.60819482432148,25
"{like} => {face}",0.0204415372035977,0.127551020408163,0.160261651676206,1.60819482432148,25
"{face} => {upon}",0.0188062142273099,0.237113402061856,0.0793131643499591,1.45723462674196,23
"{upon} => {face}",0.0188062142273099,0.115577889447236,0.162714636140638,1.45723462674196,23
"{night} => {sun}",0.0139002452984464,0.178947368421053,0.0776778413736713,2.02641325536062,17
"{sun} => {night}",0.0139002452984464,0.157407407407407,0.0883074407195421,2.02641325536062,17
"{night} => {never}",0.0106295993458708,0.136842105263158,0.0776778413736713,1.45528604118993,13
"{never} => {night}",0.0106295993458708,0.11304347826087,0.0940310711365495,1.45528604118993,13
"{night} => {little}",0.0130825838103025,0.168421052631579,0.0776778413736713,1.49260106788711,16
"{little} => {night}",0.0130825838103025,0.115942028985507,0.112837285363859,1.49260106788711,16
"{night} => {day}",0.0212591986917416,0.273684210526316,0.0776778413736713,2.13194770365404,26
"{day} => {night}",0.0212591986917416,0.165605095541401,0.128372853638594,2.13194770365404,26
"{night} => {away}",0.0155355682747343,0.2,0.0776778413736713,1.55796178343949,19
"{away} => {night}",0.0155355682747343,0.121019108280255,0.128372853638594,1.55796178343949,19
"{night} => {one}",0.0155355682747343,0.2,0.0776778413736713,1.27395833333333,19
"{one} => {night}",0.0155355682747343,0.0989583333333333,0.15699100572363,1.27395833333333,19
"{night} => {like}",0.0139002452984464,0.178947368421053,0.0776778413736713,1.11659505907626,17
"{like} => {night}",0.0139002452984464,0.086734693877551,0.160261651676206,1.11659505907626,17
"{night} => {upon}",0.0212591986917416,0.273684210526316,0.0776778413736713,1.68198889182756,26
"{upon} => {night}",0.0212591986917416,0.130653266331658,0.162714636140638,1.68198889182756,26
"{time} => {life}",0.0114472608340147,0.145833333333333,0.0784955028618152,1.74857026143791,14
"{life} => {time}",0.0114472608340147,0.137254901960784,0.0834014717906787,1.74857026143791,14
"{time} => {till}",0.0122649223221586,0.15625,0.0784955028618152,1.76938657407407,15
"{till} => {time}",0.0122649223221586,0.138888888888889,0.0883074407195421,1.76938657407407,15
"{time} => {see}",0.0122649223221586,0.15625,0.0784955028618152,1.81994047619048,15
"{see} => {time}",0.0122649223221586,0.142857142857143,0.0858544562551104,1.81994047619048,15
"{time} => {go}",0.0122649223221586,0.15625,0.0784955028618152,1.80277122641509,15
"{go} => {time}",0.0122649223221586,0.141509433962264,0.0866721177432543,1.80277122641509,15
"{time} => {little}",0.0163532297628782,0.208333333333333,0.0784955028618152,1.84631642512077,20
"{little} => {time}",0.0163532297628782,0.144927536231884,0.112837285363859,1.84631642512077,20
"{time} => {day}",0.0139002452984464,0.177083333333333,0.0784955028618152,1.37944532908705,17
"{day} => {time}",0.0139002452984464,0.10828025477707,0.128372853638594,1.37944532908705,17
"{time} => {away}",0.0147179067865904,0.1875,0.0784955028618152,1.46058917197452,18
"{away} => {time}",0.0147179067865904,0.114649681528662,0.128372853638594,1.46058917197452,18
"{time} => {one}",0.0171708912510221,0.21875,0.0784955028618152,1.39339192708333,21
"{one} => {time}",0.0171708912510221,0.109375,0.15699100572363,1.39339192708333,21
"{time} => {like}",0.0122649223221586,0.15625,0.0784955028618152,0.974968112244898,15
"{like} => {time}",0.0122649223221586,0.076530612244898,0.160261651676206,0.974968112244898,15
"{time} => {upon}",0.017988552739166,0.229166666666667,0.0784955028618152,1.40839614740369,22
"{upon} => {time}",0.017988552739166,0.110552763819095,0.162714636140638,1.40839614740369,22
"{life} => {till}",0.0114472608340147,0.137254901960784,0.0834014717906787,1.5542846768337,14
"{till} => {life}",0.0114472608340147,0.12962962962963,0.0883074407195421,1.5542846768337,14
"{life} => {see}",0.0114472608340147,0.137254901960784,0.0834014717906787,1.59869281045752,14
"{see} => {life}",0.0114472608340147,0.133333333333333,0.0858544562551104,1.59869281045752,14
"{life} => {know}",0.0122649223221586,0.147058823529412,0.0834014717906787,1.24036511156187,15
"{know} => {life}",0.0122649223221586,0.103448275862069,0.118560915780867,1.24036511156187,15
"{life} => {little}",0.0171708912510221,0.205882352941176,0.0834014717906787,1.82459505541347,21
"{little} => {life}",0.0171708912510221,0.152173913043478,0.112837285363859,1.82459505541347,21
"{life} => {day}",0.0122649223221586,0.147058823529412,0.0834014717906787,1.14556013488198,15
"{day} => {life}",0.0122649223221586,0.0955414012738854,0.128372853638594,1.14556013488198,15
"{life} => {away}",0.0163532297628782,0.196078431372549,0.0834014717906787,1.52741351317597,20
"{away} => {life}",0.0163532297628782,0.127388535031847,0.128372853638594,1.52741351317597,20
"{life} => {one}",0.0171708912510221,0.205882352941176,0.0834014717906787,1.31142769607843,21
"{one} => {life}",0.0171708912510221,0.109375,0.15699100572363,1.31142769607843,21
"{life} => {like}",0.017988552739166,0.215686274509804,0.0834014717906787,1.34583833533413,22
"{like} => {life}",0.017988552739166,0.112244897959184,0.160261651676206,1.34583833533413,22
"{life} => {upon}",0.0163532297628782,0.196078431372549,0.0834014717906787,1.20504483200315,20
"{upon} => {life}",0.0163532297628782,0.100502512562814,0.162714636140638,1.20504483200315,20
"{sun} => {never}",0.0106295993458708,0.12037037037037,0.0883074407195421,1.28011272141707,13
"{never} => {sun}",0.0106295993458708,0.11304347826087,0.0940310711365495,1.28011272141707,13
"{sun} => {see}",0.0130825838103025,0.148148148148148,0.0883074407195421,1.72557319223986,16
"{see} => {sun}",0.0130825838103025,0.152380952380952,0.0858544562551104,1.72557319223986,16
"{sun} => {little}",0.0114472608340147,0.12962962962963,0.0883074407195421,1.14881910896404,14
"{little} => {sun}",0.0114472608340147,0.101449275362319,0.112837285363859,1.14881910896404,14
"{sun} => {day}",0.0228945216680294,0.259259259259259,0.0883074407195421,2.01958008964378,28
"{day} => {sun}",0.0228945216680294,0.178343949044586,0.128372853638594,2.01958008964378,28
"{sun} => {away}",0.0171708912510221,0.194444444444444,0.0883074407195421,1.51468506723284,21
"{away} => {sun}",0.0171708912510221,0.133757961783439,0.128372853638594,1.51468506723284,21
"{sun} => {one}",0.0171708912510221,0.194444444444444,0.0883074407195421,1.23857060185185,21
"{one} => {sun}",0.0171708912510221,0.109375,0.15699100572363,1.23857060185185,21
"{sun} => {like}",0.0130825838103025,0.148148148148148,0.0883074407195421,0.924414210128496,16
"{like} => {sun}",0.0130825838103025,0.0816326530612245,0.160261651676206,0.924414210128496,16
"{sun} => {upon}",0.0237121831561733,0.268518518518519,0.0883074407195421,1.65024195049321,29
"{upon} => {sun}",0.0237121831561733,0.14572864321608,0.162714636140638,1.65024195049321,29
"{till} => {know}",0.0106295993458708,0.12037037037037,0.0883074407195421,1.01526181353768,13
"{know} => {till}",0.0106295993458708,0.0896551724137931,0.118560915780867,1.01526181353768,13
"{till} => {little}",0.0155355682747343,0.175925925925926,0.0883074407195421,1.55911164787976,19
"{little} => {till}",0.0155355682747343,0.13768115942029,0.112837285363859,1.55911164787976,19
"{till} => {day}",0.0106295993458708,0.12037037037037,0.0883074407195421,0.937662184477471,13
"{day} => {till}",0.0106295993458708,0.0828025477707006,0.128372853638594,0.937662184477471,13
"{till} => {away}",0.0163532297628782,0.185185185185185,0.0883074407195421,1.44255720688842,20
"{away} => {till}",0.0163532297628782,0.127388535031847,0.128372853638594,1.44255720688842,20
"{till} => {one}",0.0155355682747343,0.175925925925926,0.0883074407195421,1.12061149691358,19
"{one} => {till}",0.0155355682747343,0.0989583333333333,0.15699100572363,1.12061149691358,19
"{till} => {like}",0.0261651676206051,0.296296296296296,0.0883074407195421,1.84882842025699,32
"{like} => {till}",0.0261651676206051,0.163265306122449,0.160261651676206,1.84882842025699,32
"{till} => {upon}",0.017988552739166,0.203703703703704,0.0883074407195421,1.25190768658105,22
"{upon} => {till}",0.017988552739166,0.110552763819095,0.162714636140638,1.25190768658105,22
"{never} => {go}",0.0106295993458708,0.11304347826087,0.0940310711365495,1.30426579163249,13
"{go} => {never}",0.0106295993458708,0.122641509433962,0.0866721177432543,1.30426579163249,13
"{never} => {know}",0.0155355682747343,0.165217391304348,0.0940310711365495,1.39352323838081,19
"{know} => {never}",0.0155355682747343,0.131034482758621,0.118560915780867,1.39352323838081,19
"{never} => {little}",0.017988552739166,0.191304347826087,0.0940310711365495,1.69540012602394,22
"{little} => {never}",0.017988552739166,0.159420289855072,0.112837285363859,1.69540012602394,22
"{never} => {day}",0.0147179067865904,0.156521739130435,0.0940310711365495,1.21927443921351,18
"{day} => {never}",0.0147179067865904,0.114649681528662,0.128372853638594,1.21927443921351,18
"{never} => {away}",0.0163532297628782,0.173913043478261,0.0940310711365495,1.3547493769039,20
"{away} => {never}",0.0163532297628782,0.127388535031847,0.128372853638594,1.3547493769039,20
"{never} => {one}",0.0122649223221586,0.130434782608696,0.0940310711365495,0.830842391304348,15
"{one} => {never}",0.0122649223221586,0.078125,0.15699100572363,0.830842391304348,15
"{never} => {like}",0.0228945216680294,0.243478260869565,0.0940310711365495,1.51925465838509,28
"{like} => {never}",0.0228945216680294,0.142857142857143,0.160261651676206,1.51925465838509,28
"{never} => {upon}",0.0163532297628782,0.173913043478261,0.0940310711365495,1.06882237273323,20
"{upon} => {never}",0.0163532297628782,0.100502512562814,0.162714636140638,1.06882237273323,20
"{see} => {go}",0.0163532297628782,0.19047619047619,0.0858544562551104,2.19766397124888,20
"{go} => {see}",0.0163532297628782,0.188679245283019,0.0866721177432543,2.19766397124888,20
"{see} => {know}",0.0155355682747343,0.180952380952381,0.0858544562551104,1.52623973727422,19
"{know} => {see}",0.0155355682747343,0.131034482758621,0.118560915780867,1.52623973727422,19
"{see} => {little}",0.0147179067865904,0.171428571428571,0.0858544562551104,1.51925465838509,18
"{little} => {see}",0.0147179067865904,0.130434782608696,0.112837285363859,1.51925465838509,18
"{see} => {day}",0.0171708912510221,0.2,0.0858544562551104,1.55796178343949,21
"{day} => {see}",0.0171708912510221,0.133757961783439,0.128372853638594,1.55796178343949,21
"{see} => {away}",0.0163532297628782,0.19047619047619,0.0858544562551104,1.48377312708523,20
"{away} => {see}",0.0163532297628782,0.127388535031847,0.128372853638594,1.48377312708523,20
"{see} => {one}",0.0171708912510221,0.2,0.0858544562551104,1.27395833333333,21
"{one} => {see}",0.0171708912510221,0.109375,0.15699100572363,1.27395833333333,21
"{see} => {like}",0.0204415372035977,0.238095238095238,0.0858544562551104,1.48566569484937,25
"{like} => {see}",0.0204415372035977,0.127551020408163,0.160261651676206,1.48566569484937,25
"{see} => {upon}",0.0163532297628782,0.19047619047619,0.0858544562551104,1.17061497966021,20
"{upon} => {see}",0.0163532297628782,0.100502512562814,0.162714636140638,1.17061497966021,20
"{go} => {know}",0.0155355682747343,0.179245283018868,0.0866721177432543,1.51184124918673,19
"{know} => {go}",0.0155355682747343,0.131034482758621,0.118560915780867,1.51184124918673,19
"{go} => {little}",0.0163532297628782,0.188679245283019,0.0866721177432543,1.67213563029806,20
"{little} => {go}",0.0163532297628782,0.144927536231884,0.112837285363859,1.67213563029806,20
"{go} => {day}",0.0155355682747343,0.179245283018868,0.0866721177432543,1.39628650402596,19
"{day} => {go}",0.0155355682747343,0.121019108280255,0.128372853638594,1.39628650402596,19
"{go} => {away}",0.0171708912510221,0.19811320754717,0.0866721177432543,1.54326403076553,21
"{away} => {go}",0.0171708912510221,0.133757961783439,0.128372853638594,1.54326403076553,21
"{go} => {one}",0.0237121831561733,0.273584905660377,0.0866721177432543,1.74267885220126,29
"{one} => {go}",0.0237121831561733,0.151041666666667,0.15699100572363,1.74267885220126,29
"{go} => {like}",0.0163532297628782,0.188679245283019,0.0866721177432543,1.17731998459761,20
"{like} => {go}",0.0163532297628782,0.102040816326531,0.160261651676206,1.17731998459761,20
"{go} => {upon}",0.0212591986917416,0.245283018867925,0.0866721177432543,1.50744287475111,26
"{upon} => {go}",0.0212591986917416,0.130653266331658,0.162714636140638,1.50744287475111,26
"{know} => {little}",0.0171708912510221,0.144827586206897,0.118560915780867,1.28350824587706,21
"{little} => {know}",0.0171708912510221,0.152173913043478,0.112837285363859,1.28350824587706,21
"{know} => {day}",0.0122649223221586,0.103448275862069,0.118560915780867,0.805842301779047,15
"{day} => {know}",0.0122649223221586,0.0955414012738854,0.128372853638594,0.805842301779047,15
"{know} => {away}",0.0114472608340147,0.096551724137931,0.118560915780867,0.752119481660444,14
"{away} => {know}",0.0114472608340147,0.089171974522293,0.128372853638594,0.752119481660444,14
"{know} => {one}",0.0237121831561733,0.2,0.118560915780867,1.27395833333333,29
"{one} => {know}",0.0237121831561733,0.151041666666667,0.15699100572363,1.27395833333333,29
"{know} => {like}",0.0204415372035977,0.172413793103448,0.118560915780867,1.07582688247713,25
"{like} => {know}",0.0204415372035977,0.127551020408163,0.160261651676206,1.07582688247713,25
"{know} => {upon}",0.0237121831561733,0.2,0.118560915780867,1.22914572864322,29
"{upon} => {know}",0.0237121831561733,0.14572864321608,0.162714636140638,1.22914572864322,29
"{little} => {day}",0.0220768601798855,0.195652173913043,0.112837285363859,1.52409304901689,27
"{day} => {little}",0.0220768601798855,0.171974522292994,0.128372853638594,1.52409304901689,27
"{little} => {away}",0.0261651676206051,0.231884057971014,0.112837285363859,1.80633250253854,32
"{away} => {little}",0.0261651676206051,0.203821656050955,0.128372853638594,1.80633250253854,32
"{little} => {one}",0.0196238757154538,0.173913043478261,0.112837285363859,1.10778985507246,24
"{one} => {little}",0.0196238757154538,0.125,0.15699100572363,1.10778985507246,24
"{little} => {like}",0.0212591986917416,0.188405797101449,0.112837285363859,1.17561372375037,26
"{like} => {little}",0.0212591986917416,0.13265306122449,0.160261651676206,1.17561372375037,26
"{little} => {upon}",0.0204415372035977,0.181159420289855,0.112837285363859,1.11335663826378,25
"{upon} => {little}",0.0204415372035977,0.125628140703518,0.162714636140638,1.11335663826378,25
"{day} => {away}",0.0343417825020442,0.267515923566879,0.128372853638594,2.08389792689359,42
"{away} => {day}",0.0343417825020442,0.267515923566879,0.128372853638594,2.08389792689359,42
"{day} => {one}",0.026982829108749,0.210191082802548,0.128372853638594,1.33887340764331,33
"{one} => {day}",0.026982829108749,0.171875,0.15699100572363,1.33887340764331,33
"{day} => {like}",0.0253475061324612,0.197452229299363,0.128372853638594,1.2320616144547,31
"{like} => {day}",0.0253475061324612,0.158163265306122,0.160261651676206,1.2320616144547,31
"{day} => {upon}",0.0318887980376124,0.248407643312102,0.128372853638594,1.52664596869699,39
"{upon} => {day}",0.0318887980376124,0.195979899497487,0.162714636140638,1.52664596869699,39
"{away} => {one}",0.0237121831561733,0.184713375796178,0.128372853638594,1.17658572186837,29
"{one} => {away}",0.0237121831561733,0.151041666666667,0.15699100572363,1.17658572186837,29
"{away} => {like}",0.0335241210139002,0.261146496815287,0.128372853638594,1.62950084492396,41
"{like} => {away}",0.0335241210139002,0.209183673469388,0.160261651676206,1.62950084492396,41
"{away} => {upon}",0.0318887980376124,0.248407643312102,0.128372853638594,1.52664596869699,39
"{upon} => {away}",0.0318887980376124,0.195979899497487,0.162714636140638,1.52664596869699,39
"{one} => {like}",0.0433360588716271,0.276041666666667,0.15699100572363,1.72244366496599,53
"{like} => {one}",0.0433360588716271,0.270408163265306,0.160261651676206,1.72244366496599,53
"{one} => {upon}",0.0278004905968929,0.177083333333333,0.15699100572363,1.08830611390285,34
"{upon} => {one}",0.0278004905968929,0.170854271356784,0.162714636140638,1.08830611390285,34
"{like} => {upon}",0.0253475061324612,0.158163265306122,0.160261651676206,0.972028509896421,31
"{upon} => {like}",0.0253475061324612,0.155778894472362,0.162714636140638,0.972028509896421,31
"{away,day} => {like}",0.0106295993458708,0.30952380952381,0.0343417825020442,1.93136540330418,13
"{day,like} => {away}",0.0106295993458708,0.419354838709677,0.0253475061324612,3.26669406205054,13
"{away,like} => {day}",0.0106295993458708,0.317073170731707,0.0335241210139002,2.46993941276992,13
"{day,one} => {like}",0.0106295993458708,0.393939393939394,0.026982829108749,2.45810142238714,13
"{day,like} => {one}",0.0106295993458708,0.419354838709677,0.0253475061324612,2.67120295698925,13
"{like,one} => {day}",0.0106295993458708,0.245283018867925,0.0433360588716271,1.91070784761447,13
